query_id,owner,baseline_rows_100k,baseline_plan,candidate_sql,candidate_index,expected_plan_delta,semantic_guard,next_decision
INV-FEFO,Inventory,100,NO_FULL_SCAN_FILE_SORT,TWO_PHASE_ORDERED_ID_LIMIT_THEN_OWNER_LOCK_RECHECK,"EXISTING idx_inv_lot_fefo(tenant_id,warehouse_id,sku_id,expiry_date,received_date,lot_id); validate join plan before proposing anything new",reduce_examined_rows_and_sort_without_changing_lock_order,FEFO_ORDER_AND_FOR_UPDATE_SEMANTICS_MUST_MATCH,CR_REQUIRED_IF_SQL_SELECTED
INV-EXPIRY,Inventory,500,NO_FULL_SCAN_FILE_SORT,KEYSET_LOT_PAGE_PLUS_BATCH_POLICY_PORT,"inv_lot_identity(tenant_id,store_id,warehouse_id,expiry_date,lot_id); validate projection join",bound_range_and_remove_per_row_policy_lookup,EXPIRY_DATE_FROM_FROZEN_STORE_TIMEZONE_AND_POLICY_VERSION,CR_REQUIRED_IF_SQL_OR_INDEX_SELECTED
INV-PACKAGE,Inventory,12000,NO_FULL_SCAN_FILE_SORT,DETERMINISTIC_KEYSET_CHUNKS,"inv_lot_identity(tenant_id,store_id,warehouse_id,sku_id,expiry_date,received_date,lot_id)",bounded_memory_and_resume_checkpoint,PACKAGE_DIGEST_ORDER_AND_CROSS_TENANT_REJECTION_UNCHANGED,CR_REQUIRED_IF_SQL_OR_INDEX_SELECTED
PRM-RULES,Promotion,20000,NO_FULL_SCAN_FILE_SORT,BULK_SCOPE_READ_OR_PREAGGREGATED_SCOPE_JOIN,"prm_rule_version(tenant_id,state,effective_from,effective_to,priority,rule_version_id); prm_rule_scope(tenant_id,rule_version_id,dimension_type,dimension_value)",remove_correlated_scope_amplification,PRIORITY_EFFECTIVE_WINDOW_EXPLANATION_AND_AMOUNT_RULES_UNCHANGED,CR_REQUIRED_IF_SQL_OR_INDEX_SELECTED
PRM-QUOTE-LINES,Promotion,400,NO_FULL_SCAN_FILE_SORT,KEEP_SQL_IF_EXISTING_UNIQUE_ORDER_IS_ACCEPTED,"EXISTING uk_prm_quote_line_no(tenant_id,quote_id,line_no)",record_keep_sql_unless_actual_plan_proves_material_gain,QUOTE_LINE_ORDER_AND_SNAPSHOT_IDENTITY_UNCHANGED,PLAN_COMPARE_REQUIRED
PAY-FACTS,Payment,5160,FULL_SCAN_FILE_SORT,SET_BASED_DAY_RANGE_PLUS_BATCH_REFERENCE_MATCH,"pay_payment_attempt(tenant_id,provider_code,status,payment_id,provider_transaction_no); pay_payment_intent(tenant_id,occurred_at,payment_id); pay_refund(tenant_id,provider_code,status,occurred_at,refund_id)",avoid_union_branch_scan_and_500_reference_loop,PAYMENT_UNKNOWN_SUCCESS_MONOTONICITY_AND_NO_RECHARGE_UNCHANGED,CR_REQUIRED_BEFORE_RUNTIME_CHANGE
PUR-LINES,Procurement,400,NO_FULL_SCAN_FILE_SORT,KEEP_SQL_IF_EXISTING_INDEX_ORDER_IS_ACCEPTED,"EXISTING idx_pur_order_line_head(tenant_id,order_id,order_line_id)",record_keep_sql_unless_actual_plan_proves_material_gain,PURCHASE_DOCUMENT_LINE_ORDER_AND_OWNER_BOUNDARY_UNCHANGED,PLAN_COMPARE_REQUIRED
TRF-LINES,Transfer,400,NO_FULL_SCAN_FILE_SORT,KEEP_SQL_IF_EXISTING_INDEX_ORDER_IS_ACCEPTED,"EXISTING idx_trf_line_head(tenant_id,transfer_id,transfer_line_id)",record_keep_sql_unless_actual_plan_proves_material_gain,TRANSFER_LINE_ORDER_QUANTITY_AND_COST_SNAPSHOT_UNCHANGED,PLAN_COMPARE_REQUIRED
MBR-POINTS-FEFO,Member,16000,NO_FULL_SCAN_FILE_SORT,SPLIT_NULL_EXPIRY_ORDER_OR_NORMALIZED_SORT_KEY_CANDIDATE,"EXISTING idx_mbr_points_lot_fefo(tenant_id,member_id,expires_at,occurred_at,lot_id); generated sort key remains CR-only alternative",reduce_examined_rows_and_null_case_sort,LOCK_ORDER_AVAILABLE_POINTS_AND_EXPIRY_RULES_UNCHANGED,CR_REQUIRED_IF_SQL_OR_DB_OBJECT_SELECTED
